pair,train_timeframe,test_timeframe,accuracy,precision,recall,f1
EURUSD=X,15m,1h,0.5557969046972576,0.4490566037735849,0.07395898073337477,0.12700106723585913
EURUSD=X,15m,4h,0.5333333333333333,0.4727272727272727,0.18055555555555555,0.2613065326633166
EURUSD=X,1h,15m,0.5592654424040067,0.4,0.2515991471215352,0.3089005235602094
EURUSD=X,1h,4h,0.5439153439153439,0.5019607843137255,0.2962962962962963,0.3726346433770015
EURUSD=X,4h,15m,0.5392320534223706,0.42034548944337813,0.4669509594882729,0.44242424242424244
EURUSD=X,4h,1h,0.5063806679337497,0.4333120612635609,0.42200124300807956,0.4275818639798489
GBPUSD=X,15m,1h,0.5181867535287731,0.5188216039279869,0.17630700778642935,0.26317974263179744
GBPUSD=X,15m,4h,0.5079365079365079,0.4759036144578313,0.17286652078774617,0.2536115569823435
GBPUSD=X,1h,15m,0.4974958263772955,0.48548199767711964,0.7244367417677643,0.5813630041724618
GBPUSD=X,1h,4h,0.5195767195767196,0.5039164490861618,0.4223194748358862,0.4595238095238095
GBPUSD=X,4h,15m,0.5125208681135225,0.47058823529411764,0.09705372616984402,0.16091954022988506
GBPUSD=X,4h,1h,0.512214983713355,0.5003394433129668,0.40989988876529476,0.45062671965759704
USDJPY=X,15m,1h,0.5330420535226652,0.5381944444444444,0.8734631147540983,0.666015625
USDJPY=X,15m,4h,0.5625,0.5701863354037268,0.8726235741444867,0.6897069872276483
USDJPY=X,1h,15m,0.46778242677824267,0.5,0.059748427672955975,0.10674157303370786
USDJPY=X,1h,4h,0.4872881355932203,0.6009615384615384,0.2376425855513308,0.3405994550408719
USDJPY=X,4h,15m,0.4686192468619247,0.5172413793103449,0.02358490566037736,0.045112781954887216
USDJPY=X,4h,1h,0.4762424904423812,0.5349794238683128,0.13319672131147542,0.2132895816242822
USDCAD=X,15m,1h,0.5120172832838239,0.5129954515919428,0.8367779544250132,0.6360523665659618
USDCAD=X,15m,4h,0.5063291139240507,0.5168067226890757,0.75,0.6119402985074627
USDCAD=X,1h,15m,0.5630743525480367,0.5589430894308943,0.47332185886402756,0.5125815470643057
USDCAD=X,1h,4h,0.4883966244725738,0.5096952908587258,0.37398373983739835,0.43141852286049237
USDCAD=X,4h,15m,0.5071010860484545,0.4117647058823529,0.03614457831325301,0.06645569620253164
USDCAD=X,4h,1h,0.5171482581690521,0.5270049099836334,0.5119236883942766,0.5193548387096775
NZDUSD=X,15m,1h,0.5205294435440303,0.4843400447427293,0.24785346307956496,0.32790609617569105
NZDUSD=X,15m,4h,0.5126582278481012,0.47619047619047616,0.4288939051918736,0.4513064133016627
NZDUSD=X,1h,15m,0.5242070116861436,0.3945578231292517,0.10760667903525047,0.16909620991253643
NZDUSD=X,1h,4h,0.4947257383966245,0.46691176470588236,0.5733634311512416,0.5146909827760892
NZDUSD=X,4h,15m,0.5350584307178631,0.4318181818181818,0.10575139146567718,0.16989567809239942
NZDUSD=X,4h,1h,0.5099945975148569,0.47368421052631576,0.34516313680595306,0.39933774834437086
EURGBP=X,15m,1h,0.5318514502575223,0.5242334322453017,0.29842342342342343,0.3803372802296376
EURGBP=X,15m,4h,0.5285412262156448,0.5272277227722773,0.4551282051282051,0.48853211009174313
EURGBP=X,1h,15m,0.503338898163606,0.494949494949495,0.08249158249158249,0.1414141414141414
EURGBP=X,1h,4h,0.5116279069767442,0.5060483870967742,0.5363247863247863,0.520746887966805
EURGBP=X,4h,15m,0.5008347245409015,0.47674418604651164,0.06902356902356903,0.12058823529411765
EURGBP=X,4h,1h,0.5304960693955001,0.5200364298724954,0.32150900900900903,0.39735560194850383
GC=F,15m,1h,0.5042335766423358,0.5,0.42226148409893993,0.4578544061302682
GC=F,15m,4h,0.5086580086580087,0.5009708737864078,0.567032967032967,0.5319587628865979
GC=F,1h,15m,0.5124777183600713,0.512621359223301,0.9214659685863874,0.6587648159700561
GC=F,1h,4h,0.487012987012987,0.4694533762057878,0.3208791208791209,0.381201044386423
GC=F,4h,15m,0.5098039215686274,0.5149934810951761,0.6893542757417103,0.5895522388059702
GC=F,4h,1h,0.5036496350364964,0.4995610184372256,0.6702002355712603,0.5724346076458753
