pair,timeframe,total_return,sharpe,max_drawdown,win_rate,profit_factor,avg_trade_return,trades
USDJPY=X,daily,0.27229083007237986,0.18913787658941464,0.07137551384885887,0.4777777777777778,1.535493056117541,0.002786273350644803,90
GBPUSD=X,daily,-0.05173634363744306,-0.06382980228770485,0.17460223265973962,0.42696629213483145,0.8510032338479159,-0.0005588605261158212,89
EURUSD=X,daily,-0.058370061428919984,-0.07438446481123845,0.16331473718230904,0.42105263157894735,0.8386780548797924,-0.0007420951591122332,76
EURGBP=X,daily,-0.09288150946156448,-0.0270849262831001,0.2594290190256091,0.37755102040816324,0.926004247626475,-0.000394341468141169,196
NZDUSD=X,daily,-0.1106769871101867,-0.09274358006887636,0.18897252747800042,0.37362637362637363,0.8034385647827633,-0.0012048302870285724,91
USDCAD=X,daily,-0.134495588889593,-0.05730209724249491,0.3559666980833408,0.38219895287958117,0.8720621346920405,-0.0006851340432471909,191
AUDUSD=X,daily,-0.17885208628127813,-0.042524678483938254,0.46703707387111015,0.39338235294117646,0.9106834754788924,-0.0006190196962813444,272
GC=F,daily,-0.25616651217499153,-0.03876444099165582,0.5045186962107813,0.41358024691358025,0.9183050364570402,-0.0007343597677033268,324
EURUSD=X,15m,-0.021524545168178366,-0.21629908952992707,0.05418953350948996,0.21052631578947367,0.48532026260997146,-0.0011316693092493087,19
AUDUSD=X,15m,-0.02644083514413853,-0.19924342295373038,0.07017025426031087,0.3125,0.4971181404469913,-0.0008286941217298005,32
USDJPY=X,15m,-0.03017891950709717,-0.17201274380654277,0.06615364839737259,0.13333333333333333,0.55970266123569,-0.0010045295640464039,30
NZDUSD=X,15m,-0.03257412388120662,-0.16248224181858972,0.08451624099471311,0.45454545454545453,0.6099137430369025,-0.0009852310065557527,33
EURGBP=X,15m,-0.056624597326821124,-1.1327056581362085,0.11778942462835651,0.08955223880597014,0.056955794152403504,-0.0008693458746796577,67
GBPUSD=X,15m,-0.07450064516607913,-0.779202207597486,0.132772871352681,0.07692307692307693,0.06413314525600176,-0.0011892452280447988,65
USDCAD=X,15m,-0.08441806507326699,-0.4429483557868654,0.1854998364417273,0.06796116504854369,0.17425209705181172,-0.0008540681265867974,103
GC=F,15m,-0.08767870405577693,-0.2606622389369721,0.1406638859582835,0.4642857142857143,0.4790422529547846,-0.001618282781931472,56
GC=F,1h,0.4046128270495484,0.05535831897567726,0.3087403033881304,0.44467640918580376,1.1328439096805556,0.0008176518295835304,479
GBPUSD=X,1h,-0.05841688736115558,-0.1007215124681714,0.21359450134878288,0.4777777777777778,0.7508962743825348,-0.00032903686171591574,180
EURUSD=X,1h,-0.06552377495586281,-0.13240379480302322,0.1470841556394462,0.43820224719101125,0.6905496913997247,-0.0007455078984598402,89
NZDUSD=X,1h,-0.1595946073284169,-0.23073340647377039,0.2805682608680744,0.38562091503267976,0.553161723592251,-0.0011239776884710948,153
USDJPY=X,1h,-0.2220048839723323,-0.13448710483475657,0.38862342899930835,0.3736842105263158,0.7218303112254536,-0.0012757488751869532,190
USDCAD=X,1h,-0.252123545878453,-0.21170207135611688,0.471579614414509,0.271523178807947,0.46798626432707674,-0.0009514730730255232,302
EURGBP=X,1h,-0.2745149557340435,-0.8592471361208079,0.45395665284240927,0.13732394366197184,0.06371430055769585,-0.0011284821551409846,284
GBPUSD=X,4h,-0.013049790680469853,-0.03003785905045705,0.09824784564333511,0.44594594594594594,0.9222449794267399,-0.00016297592930004554,74
EURUSD=X,4h,-0.04949093096435997,-0.1265556446840688,0.12742297415743964,0.4634146341463415,0.6823694341862846,-0.0006074225422058404,82
EURGBP=X,4h,-0.05071301963372732,-0.07539156964956974,0.15334461875959604,0.35964912280701755,0.7813457743406537,-0.0004396379832891979,114
NZDUSD=X,4h,-0.07153070332001454,-0.040567915565643944,0.24831850765959063,0.41818181818181815,0.9048970263460284,-0.0004012766042186792,165
GC=F,4h,-0.07517991328045814,-0.0227883364774982,0.2380403524733571,0.42657342657342656,0.9466888766158507,-0.0003968089568136573,143
USDCAD=X,4h,-0.1278465390804151,-0.17662888441068478,0.2326035105291968,0.38596491228070173,0.5912365320541715,-0.0011772113523477608,114
USDJPY=X,4h,-0.16686523656257146,-0.12795187976358588,0.29666670353616986,0.34210526315789475,0.7499872386715662,-0.0015296011326124544,114
